[
  {
    "name": "Toshkent",
    "nameUz": "Toshkent shahri",
    "nameCr": "Тошкент шаҳри",
    "nameRu": "Ташкент",
    "lat": 41.2995,
    "lon": 69.2401,
    "population": 2500000,
    "region": "Toshkent shahri",
    "type": "city",
    "priority": 1
  },
  {
    "name": "Yunusobod",
    "nameUz": "Yunusobod tumani",
    "nameCr": "Юнусобод тумани",
    "nameRu": "Юнусабадский район",
    "lat": 41.3311,
    "lon": 69.289,
    "population": 350000,
    "region": "Toshkent shahri",
    "type": "district",
    "priority": 10
  },
  {
    "name": "Chilonzor",
    "nameUz": "Chilonzor tumani",
    "nameCr": "Чилонзор тумани",
    "nameRu": "Чиланзарский район",
    "lat": 41.2756,
    "lon": 69.2034,
    "population": 300000,
    "region": "Toshkent shahri",
    "type": "district",
    "priority": 11
  },
  {
    "name": "Yakkasaroy",
    "nameUz": "Yakkasaroy tumani",
    "nameCr": "Яккасарой тумани",
    "nameRu": "Яккасарайский район",
    "lat": 41.2894,
    "lon": 69.2342,
    "population": 250000,
    "region": "Toshkent shahri",
    "type": "district",
    "priority": 12
  },
  {
    "name": "Mirzo Ulug'bek",
    "nameUz": "Mirzo Ulug'bek tumani",
    "nameCr": "Мирзо Улуғбек тумани",
    "nameRu": "Мирзо-Улугбекский район",
    "lat": 41.3156,
    "lon": 69.3292,
    "population": 280000,
    "region": "Toshkent shahri",
    "type": "district",
    "priority": 13
  },
  {
    "name": "Sergeli",
    "nameUz": "Sergeli tumani",
    "nameCr": "Сергели тумани",
    "nameRu": "Сергелийский район",
    "lat": 41.2261,
    "lon": 69.2239,
    "population": 200000,
    "region": "Toshkent shahri",
    "type": "district",
    "priority": 14
  },
  {
    "name": "Bektemir",
    "nameUz": "Bektemir tumani",
    "nameCr": "Бектемир тумани",
    "nameRu": "Бектемирский район",
    "lat": 41.2078,
    "lon": 69.3344,
    "population": 180000,
    "region": "Toshkent shahri",
    "type": "district",
    "priority": 15
  },
  {
    "name": "Olmazor",
    "nameUz": "Olmazor tumani",
    "nameCr": "Олмазор тумани",
    "nameRu": "Алмазарский район",
    "lat": 41.3142,
    "lon": 69.2103,
    "population": 220000,
    "region": "Toshkent shahri",
    "type": "district",
    "priority": 16
  },
  {
    "name": "Shayxontohur",
    "nameUz": "Shayxontohur tumani",
    "nameCr": "Шайхонтоҳур тумани",
    "nameRu": "Шайхантахурский район",
    "lat": 41.3247,
    "lon": 69.2453,
    "population": 210000,
    "region": "Toshkent shahri",
    "type": "district",
    "priority": 17
  },
  {
    "name": "Uchtepa",
    "nameUz": "Uchtepa tumani",
    "nameCr": "Учтепа тумани",
    "nameRu": "Учтепинский район",
    "lat": 41.2814,
    "lon": 69.1725,
    "population": 190000,
    "region": "Toshkent shahri",
    "type": "district",
    "priority": 18
  },
  {
    "name": "Yashnobod",
    "nameUz": "Yashnobod tumani",
    "nameCr": "Яшнобод тумани",
    "nameRu": "Яшнабадский район",
    "lat": 41.2692,
    "lon": 69.2892,
    "population": 170000,
    "region": "Toshkent shahri",
    "type": "district",
    "priority": 19
  },
  {
    "name": "Mirobod",
    "nameUz": "Mirobod tumani",
    "nameCr": "Миробод тумани",
    "nameRu": "Мирабадский район",
    "lat": 41.2867,
    "lon": 69.2619,
    "population": 160000,
    "region": "Toshkent shahri",
    "type": "district",
    "priority": 20
  },
  {
    "name": "Samarqand",
    "nameUz": "Samarqand shahri",
    "nameCr": "Самарқанд шаҳри",
    "nameRu": "Самарканд",
    "lat": 39.627,
    "lon": 66.975,
    "population": 550000,
    "region": "Samarqand viloyati",
    "type": "city",
    "priority": 2
  },
  {
    "name": "Kattaqo'rg'on",
    "nameUz": "Kattaqo'rg'on",
    "nameCr": "Каттақўрғон",
    "nameRu": "Каттакурган",
    "lat": 39.8998,
    "lon": 66.2544,
    "population": 75000,
    "region": "Samarqand viloyati",
    "type": "city",
    "priority": 50
  },
  {
    "name": "Jomboy",
    "nameUz": "Jomboy",
    "nameCr": "Жомбой",
    "nameRu": "Джамбай",
    "lat": 39.7167,
    "lon": 67.05,
    "population": 35000,
    "region": "Samarqand viloyati",
    "type": "district",
    "priority": 70
  },
  {
    "name": "Urgut",
    "nameUz": "Urgut",
    "nameCr": "Ургут",
    "nameRu": "Ургут",
    "lat": 39.4033,
    "lon": 67.265,
    "population": 50000,
    "region": "Samarqand viloyati",
    "type": "district",
    "priority": 60
  },
  {
    "name": "Buxoro",
    "nameUz": "Buxoro shahri",
    "nameCr": "Бухоро шаҳри",
    "nameRu": "Бухара",
    "lat": 39.7747,
    "lon": 64.4286,
    "population": 280000,
    "region": "Buxoro viloyati",
    "type": "city",
    "priority": 3
  },
  {
    "name": "Kogon",
    "nameUz": "Kogon",
    "nameCr": "Когон",
    "nameRu": "Каган",
    "lat": 39.7189,
    "lon": 64.5486,
    "population": 65000,
    "region": "Buxoro viloyati",
    "type": "city",
    "priority": 55
  },
  {
    "name": "Galaosiyo",
    "nameUz": "Galaosiyo",
    "nameCr": "Галаосиё",
    "nameRu": "Галаасия",
    "lat": 39.85,
    "lon": 64.4333,
    "population": 30000,
    "region": "Buxoro viloyati",
    "type": "district",
    "priority": 75
  },
  {
    "name": "Andijon",
    "nameUz": "Andijon shahri",
    "nameCr": "Андижон шаҳри",
    "nameRu": "Андижан",
    "lat": 40.7821,
    "lon": 72.3442,
    "population": 450000,
    "region": "Andijon viloyati",
    "type": "city",
    "priority": 4
  },
  {
    "name": "Xo'jaobod",
    "nameUz": "Xo'jaobod",
    "nameCr": "Хўжаобод",
    "nameRu": "Ходжаабад",
    "lat": 40.7167,
    "lon": 72.4833,
    "population": 45000,
    "region": "Andijon viloyati",
    "type": "district",
    "priority": 65
  },
  {
    "name": "Asaka",
    "nameUz": "Asaka",
    "nameCr": "Асака",
    "nameRu": "Асака",
    "lat": 40.6419,
    "lon": 72.2383,
    "population": 50000,
    "region": "Andijon viloyati",
    "type": "city",
    "priority": 58
  },
  {
    "name": "Paxtaobod",
    "nameUz": "Paxtaobod",
    "nameCr": "Пахтаобод",
    "nameRu": "Пахтаабад",
    "lat": 40.7833,
    "lon": 72.5667,
    "population": 25000,
    "region": "Andijon viloyati",
    "type": "district",
    "priority": 80
  },
  {
    "name": "Namangan",
    "nameUz": "Namangan shahri",
    "nameCr": "Наманган шаҳри",
    "nameRu": "Наманган",
    "lat": 40.9983,
    "lon": 71.6726,
    "population": 475000,
    "region": "Namangan viloyati",
    "type": "city",
    "priority": 5
  },
  {
    "name": "Chortoq",
    "nameUz": "Chortoq",
    "nameCr": "Чортоқ",
    "nameRu": "Чартак",
    "lat": 41.0581,
    "lon": 71.8072,
    "population": 40000,
    "region": "Namangan viloyati",
    "type": "district",
    "priority": 68
  },
  {
    "name": "Chust",
    "nameUz": "Chust",
    "nameCr": "Чуст",
    "nameRu": "Чуст",
    "lat": 41.0108,
    "lon": 71.235,
    "population": 38000,
    "region": "Namangan viloyati",
    "type": "district",
    "priority": 69
  },
  {
    "name": "Uchqo'rg'on",
    "nameUz": "Uchqo'rg'on",
    "nameCr": "Учқўрғон",
    "nameRu": "Учкурган",
    "lat": 40.8333,
    "lon": 72.0833,
    "population": 35000,
    "region": "Namangan viloyati",
    "type": "district",
    "priority": 72
  },
  {
    "name": "Farg'ona",
    "nameUz": "Farg'ona shahri",
    "nameCr": "Фарғона шаҳри",
    "nameRu": "Фергана",
    "lat": 40.3864,
    "lon": 71.7864,
    "population": 320000,
    "region": "Farg'ona viloyati",
    "type": "city",
    "priority": 6
  },
  {
    "name": "Marg'ilon",
    "nameUz": "Marg'ilon",
    "nameCr": "Марғилон",
    "nameRu": "Маргилан",
    "lat": 40.4717,
    "lon": 71.7244,
    "population": 200000,
    "region": "Farg'ona viloyati",
    "type": "city",
    "priority": 16
  },
  {
    "name": "Qo'qon",
    "nameUz": "Qo'qon shahri",
    "nameCr": "Қўқон шаҳри",
    "nameRu": "Коканд",
    "lat": 40.5286,
    "lon": 70.9425,
    "population": 230000,
    "region": "Farg'ona viloyati",
    "type": "city",
    "priority": 7
  },
  {
    "name": "Oltiariq",
    "nameUz": "Oltiariq",
    "nameCr": "Олтиариқ",
    "nameRu": "Алтыарык",
    "lat": 40.3839,
    "lon": 72.2394,
    "population": 70000,
    "region": "Farg'ona viloyati",
    "type": "district",
    "priority": 52
  },
  {
    "name": "Quva",
    "nameUz": "Quva",
    "nameCr": "Қува",
    "nameRu": "Кува",
    "lat": 40.5242,
    "lon": 72.0397,
    "population": 45000,
    "region": "Farg'ona viloyati",
    "type": "district",
    "priority": 66
  },
  {
    "name": "Rishton",
    "nameUz": "Rishton",
    "nameCr": "Риштон",
    "nameRu": "Риштан",
    "lat": 40.3597,
    "lon": 71.2836,
    "population": 50000,
    "region": "Farg'ona viloyati",
    "type": "district",
    "priority": 59
  },
  {
    "name": "Nukus",
    "nameUz": "Nukus shahri",
    "nameCr": "Нукус шаҳри",
    "nameRu": "Нукус",
    "lat": 42.4608,
    "lon": 59.6105,
    "population": 310000,
    "region": "Qoraqalpog'iston Respublikasi",
    "type": "city",
    "priority": 8
  },
  {
    "name": "Xo'jayli",
    "nameUz": "Xo'jayli",
    "nameCr": "Хўжайли",
    "nameRu": "Ходжейли",
    "lat": 42.3833,
    "lon": 59.45,
    "population": 35000,
    "region": "Qoraqalpog'iston Respublikasi",
    "type": "district",
    "priority": 73
  },
  {
    "name": "Mang'it",
    "nameUz": "Mang'it",
    "nameCr": "Манғит",
    "nameRu": "Мангит",
    "lat": 42.1167,
    "lon": 60.0667,
    "population": 28000,
    "region": "Qoraqalpog'iston Respublikasi",
    "type": "district",
    "priority": 78
  },
  {
    "name": "Qarshi",
    "nameUz": "Qarshi shahri",
    "nameCr": "Қарши шаҳри",
    "nameRu": "Карши",
    "lat": 38.8606,
    "lon": 65.7895,
    "population": 280000,
    "region": "Qashqadaryo viloyati",
    "type": "city",
    "priority": 9
  },
  {
    "name": "Shahrisabz",
    "nameUz": "Shahrisabz",
    "nameCr": "Шаҳрисабз",
    "nameRu": "Шахрисабз",
    "lat": 39.05,
    "lon": 66.8333,
    "population": 100000,
    "region": "Qashqadaryo viloyati",
    "type": "city",
    "priority": 35
  },
  {
    "name": "G'uzor",
    "nameUz": "G'uzor",
    "nameCr": "Ғузор",
    "nameRu": "Гузар",
    "lat": 38.6167,
    "lon": 66.25,
    "population": 50000,
    "region": "Qashqadaryo viloyati",
    "type": "district",
    "priority": 61
  },
  {
    "name": "Koson",
    "nameUz": "Koson",
    "nameCr": "Косон",
    "nameRu": "Касан",
    "lat": 39.0333,
    "lon": 65.6167,
    "population": 45000,
    "region": "Qashqadaryo viloyati",
    "type": "district",
    "priority": 67
  },
  {
    "name": "Termiz",
    "nameUz": "Termiz shahri",
    "nameCr": "Термиз шаҳри",
    "nameRu": "Термез",
    "lat": 37.2242,
    "lon": 67.2783,
    "population": 140000,
    "region": "Surxondaryo viloyati",
    "type": "city",
    "priority": 10
  },
  {
    "name": "Denov",
    "nameUz": "Denov",
    "nameCr": "Денов",
    "nameRu": "Денау",
    "lat": 38.2667,
    "lon": 67.9,
    "population": 85000,
    "region": "Surxondaryo viloyati",
    "type": "city",
    "priority": 45
  },
  {
    "name": "Boysun",
    "nameUz": "Boysun",
    "nameCr": "Бойсун",
    "nameRu": "Байсун",
    "lat": 38.2167,
    "lon": 67.2,
    "population": 30000,
    "region": "Surxondaryo viloyati",
    "type": "district",
    "priority": 76
  },
  {
    "name": "Sho'rchi",
    "nameUz": "Sho'rchi",
    "nameCr": "Шўрчи",
    "nameRu": "Шурчи",
    "lat": 37.9833,
    "lon": 67.7833,
    "population": 25000,
    "region": "Surxondaryo viloyati",
    "type": "district",
    "priority": 81
  },
  {
    "name": "Urganch",
    "nameUz": "Urganch shahri",
    "nameCr": "Урганч шаҳри",
    "nameRu": "Ургенч",
    "lat": 41.55,
    "lon": 60.6333,
    "population": 150000,
    "region": "Xorazm viloyati",
    "type": "city",
    "priority": 11
  },
  {
    "name": "Xiva",
    "nameUz": "Xiva shahri",
    "nameCr": "Хива шаҳри",
    "nameRu": "Хива",
    "lat": 41.3775,
    "lon": 60.3639,
    "population": 90000,
    "region": "Xorazm viloyati",
    "type": "city",
    "priority": 12
  },
  {
    "name": "Xonqa",
    "nameUz": "Xonqa",
    "nameCr": "Хонқа",
    "nameRu": "Ханка",
    "lat": 41.5167,
    "lon": 60.8667,
    "population": 35000,
    "region": "Xorazm viloyati",
    "type": "district",
    "priority": 74
  },
  {
    "name": "Shovot",
    "nameUz": "Shovot",
    "nameCr": "Шовот",
    "nameRu": "Шават",
    "lat": 41.6667,
    "lon": 60.3167,
    "population": 28000,
    "region": "Xorazm viloyati",
    "type": "district",
    "priority": 79
  },
  {
    "name": "Jizzax",
    "nameUz": "Jizzax shahri",
    "nameCr": "Жиззах шаҳри",
    "nameRu": "Джизак",
    "lat": 40.1158,
    "lon": 67.8422,
    "population": 180000,
    "region": "Jizzax viloyati",
    "type": "city",
    "priority": 13
  },
  {
    "name": "Zomin",
    "nameUz": "Zomin",
    "nameCr": "Зомин",
    "nameRu": "Зомин",
    "lat": 39.9667,
    "lon": 68.4,
    "population": 30000,
    "region": "Jizzax viloyati",
    "type": "district",
    "priority": 77
  },
  {
    "name": "Guliston",
    "nameUz": "Guliston shahri",
    "nameCr": "Гулистон шаҳри",
    "nameRu": "Гулистан",
    "lat": 40.4894,
    "lon": 68.7842,
    "population": 80000,
    "region": "Sirdaryo viloyati",
    "type": "city",
    "priority": 14
  },
  {
    "name": "Yangiyer",
    "nameUz": "Yangiyer",
    "nameCr": "Янгиер",
    "nameRu": "Янгиер",
    "lat": 40.2667,
    "lon": 68.8167,
    "population": 50000,
    "region": "Sirdaryo viloyati",
    "type": "city",
    "priority": 57
  },
  {
    "name": "Navoiy",
    "nameUz": "Navoiy shahri",
    "nameCr": "Навоий шаҳри",
    "nameRu": "Навои",
    "lat": 40.0844,
    "lon": 65.3792,
    "population": 130000,
    "region": "Navoiy viloyati",
    "type": "city",
    "priority": 15
  },
  {
    "name": "Zarafshon",
    "nameUz": "Zarafshon",
    "nameCr": "Зарафшон",
    "nameRu": "Зарафшан",
    "lat": 41.5667,
    "lon": 64.2,
    "population": 70000,
    "region": "Navoiy viloyati",
    "type": "city",
    "priority": 53
  },
  {
    "name": "Uchquduq",
    "nameUz": "Uchquduq",
    "nameCr": "Учқудуқ",
    "nameRu": "Учкудук",
    "lat": 42.15,
    "lon": 63.55,
    "population": 35000,
    "region": "Navoiy viloyati",
    "type": "city",
    "priority": 71
  },
  {
    "name": "Chirchiq",
    "nameUz": "Chirchiq",
    "nameCr": "Чирчиқ",
    "nameRu": "Чирчик",
    "lat": 41.4686,
    "lon": 69.5828,
    "population": 140000,
    "region": "Toshkent viloyati",
    "type": "city",
    "priority": 18
  },
  {
    "name": "Olmaliq",
    "nameUz": "Olmaliq",
    "nameCr": "Олмалиқ",
    "nameRu": "Алмалык",
    "lat": 40.8475,
    "lon": 69.5983,
    "population": 130000,
    "region": "Toshkent viloyati",
    "type": "city",
    "priority": 19
  },
  {
    "name": "Angren",
    "nameUz": "Angren",
    "nameCr": "Ангрен",
    "nameRu": "Ангрен",
    "lat": 41.0161,
    "lon": 70.1436,
    "population": 130000,
    "region": "Toshkent viloyati",
    "type": "city",
    "priority": 20
  },
  {
    "name": "Ohangaron",
    "nameUz": "Ohangaron",
    "nameCr": "Оҳангарон",
    "nameRu": "Ахангаран",
    "lat": 40.9044,
    "lon": 70.0039,
    "population": 30000,
    "region": "Toshkent viloyati",
    "type": "city",
    "priority": 75
  },
  {
    "name": "Bekobod",
    "nameUz": "Bekobod",
    "nameCr": "Бекобод",
    "nameRu": "Бекабад",
    "lat": 40.2167,
    "lon": 69.1833,
    "population": 100000,
    "region": "Toshkent viloyati",
    "type": "city",
    "priority": 36
  },
  {
    "name": "Yangiyo'l",
    "nameUz": "Yangiyo'l",
    "nameCr": "Янгийўл",
    "nameRu": "Янгиюль",
    "lat": 41.1122,
    "lon": 69.0478,
    "population": 65000,
    "region": "Toshkent viloyati",
    "type": "city",
    "priority": 54
  },
  {
    "name": "Toyloq",
    "nameUz": "Toyloq",
    "nameCr": "Тойлоқ",
    "nameRu": "Тайляк",
    "lat": 41.35,
    "lon": 69.7,
    "population": 25000,
    "region": "Toshkent viloyati",
    "type": "district",
    "priority": 82
  },
  {
    "name": "Parkent",
    "nameUz": "Parkent",
    "nameCr": "Паркент",
    "nameRu": "Паркент",
    "lat": 41.2833,
    "lon": 69.6833,
    "population": 28000,
    "region": "Toshkent viloyati",
    "type": "district",
    "priority": 80
  }
]
